Model,Series,Tech,Capacity_Nm3_per_h,Capacity_kg_per_h,SpecificEnergy_kWh_per_kg,CAPEX_NOK
VSA 120,VSA,VSA,120,171.48000000000002,0.4674046740467405,6080539
OxyGen200,OxyGen,PSA,150,214.35,0.75,4290000
OxyGen40,OxyGen,PSA,30,42.870000000000005,0.75,2080000
OxyGen64,OxyGen,PSA,45,64.305,0.75,2600000
